{"num_of_examples": 400, "train_loss": 0.34611107110977174, "_timestamp": 1716335470.816872, "_runtime": 11.099376916885376, "_step": 5, "_wandb": {"runtime": 11}}